particula_id,paso,x,y,tipo,carga
0,0,-0.050183952461055004,2.5,Infectada,1.5943065614302077e-06
0,1,-0.04852788613337471,2.300436942918526,Infectada,1.5943065614302077e-06
0,2,-0.044731833126339965,2.101287819689992,Infectada,1.5943065614302077e-06
0,3,-0.03821467812124849,1.9024292213595153,Infectada,1.5943065614302077e-06
0,4,-0.02833576241695367,1.7036038676897434,Infectada,1.5943065614302077e-06
0,5,-0.014436824152383941,1.5044200234256229,Infectada,1.5943065614302077e-06
0,6,0.004149389154668165,1.3043796288739058,Infectada,1.5943065614302077e-06
0,7,0.028140938191397992,1.1029138416447106,Infectada,1.5943065614302077e-06
0,8,0.05839448395622533,0.8994194347049074,Infectada,1.5943065614302077e-06
0,9,0.09603055687508094,0.6933165161940347,Infectada,1.5943065614302077e-06
0,10,0.14257861921283288,0.4841716315135043,Infectada,1.5943065614302077e-06
0,11,0.20008165885757417,0.27193586603041997,Infectada,1.5943065614302077e-06
0,12,0.2710405800344563,0.057289795679365846,Infectada,1.5943065614302077e-06
0,13,0.35811906502831736,-0.15802717227391505,Infectada,1.5943065614302077e-06
0,14,0.4636755954908295,-0.37098512265768435,Infectada,1.5943065614302077e-06
0,15,0.5889803528883335,-0.5770072197388667,Infectada,1.5943065614302077e-06
0,16,0.73211096687574,-0.7702418532147012,Infectada,1.5943065614302077e-06
0,17,0.8857177115708477,-0.9477828614324201,Infectada,1.5943065614302077e-06
0,18,1.0429652344655205,-1.112941096054131,Infectada,1.5943065614302077e-06
0,19,1.2010886297442167,-1.2697795015873028,Infectada,1.5943065614302077e-06
0,20,1.359208311621773,-1.4209967706352957,Infectada,1.5943065614302077e-06
0,21,1.5170619080192733,-1.5682702533299366,Infectada,1.5943065614302077e-06
0,22,1.674589602921582,-1.712672962652996,Infectada,1.5943065614302077e-06
0,23,1.8317994734290324,-1.8549199687098195,Infectada,1.5943065614302077e-06
0,24,1.9887208575620234,-1.9955060073431319,Infectada,1.5943065614302077e-06
0,25,2.1453875078363507,-2.134784492513121,Infectada,1.5943065614302077e-06
0,26,2.3018315662111184,-2.2730147950787316,Infectada,1.5943065614302077e-06
0,27,2.458081656603597,-2.410391686508695,Infectada,1.5943065614302077e-06
0,28,2.614162562798802,-2.5470643389727297,Infectada,1.5943065614302077e-06
1,0,-0.1375925438230254,2.5,Sana,1.2569089569224075e-06
1,1,-0.1362404027657224,2.3005007829865267,Sana,1.2569089569224075e-06
1,2,-0.13310644403969207,2.1015278832344046,Sana,1.2569089569224075e-06
1,3,-0.12766421073649867,1.9030206130860507,Sana,1.2569089569224075e-06
1,4,-0.11933530477386936,1.70479625325642,Sana,1.2569089569224075e-06
1,5,-0.10754554871641078,1.506554540364103,Sana,1.2569089569224075e-06
1,6,-0.09174745214870306,1.3079171048936313,Sana,1.2569089569224075e-06
1,7,-0.0713954712585535,1.108472333862304,Sana,1.2569089569224075e-06
1,8,-0.04589088111180699,0.9078142205931561,Sana,1.2569089569224075e-06
1,9,-0.014515693392808338,0.7055878017736387,Sana,1.2569089569224075e-06
1,10,0.023624922119227232,0.501562407847873,Sana,1.2569089569224075e-06
1,11,0.06961939474779778,0.29574610366832144,Sana,1.2569089569224075e-06
1,12,0.12468119122110186,0.08852505363650148,Sana,1.2569089569224075e-06
1,13,0.18997152921372698,-0.1192267028458317,Sana,1.2569089569224075e-06
1,14,0.2663366790296316,-0.3261205187941071,Sana,1.2569089569224075e-06
1,15,0.3539782707218578,-0.5303353362932691,Sana,1.2569089569224075e-06
1,16,0.45205273422941694,-0.7299083224200041,Sana,1.2569089569224075e-06
1,17,0.5584648836995322,-0.9234332248408404,Sana,1.2569089569224075e-06
1,18,0.6705141743235508,-1.110788888760786,Sana,1.2569089569224075e-06
1,19,0.7859950944301531,-1.2928925986810267,Sana,1.2569089569224075e-06
1,20,0.9035353822556008,-1.4709082103042925,Sana,1.2569089569224075e-06
1,21,1.0223569472151544,-1.6458280082412513,Sana,1.2569089569224075e-06
1,22,1.142015606401068,-1.8184013899288245,Sana,1.2569089569224075e-06
1,23,1.2622465949022321,-1.989175690765665,Sana,1.2569089569224075e-06
1,24,1.382884003145659,-2.158549942424406,Sana,1.2569089569224075e-06
1,25,1.5038189866482463,-2.326817930498734,Sana,1.2569089569224075e-06
1,26,1.6249773064788524,-2.4941989770646122,Sana,1.2569089569224075e-06
1,27,1.7463066756883054,-2.6608592729878664,Sana,1.2569089569224075e-06
2,0,-0.17676655513272022,2.5,Infectada,1.8737638446522174e-06
2,1,-0.17472276827777522,2.3008591200929427,Infectada,1.8737638446522174e-06
2,2,-0.16996066672602372,2.1026467601841983,Infectada,1.8737638446522174e-06
2,3,-0.1616510057260192,1.905292266556844,Infectada,1.8737638446522174e-06
2,4,-0.14889605890479138,1.7085216084639154,Infectada,1.8737638446522174e-06
2,5,-0.13083589125915163,1.511868364720044,Infectada,1.8737638446522174e-06
2,6,-0.10668851613613911,1.3147432522307936,Infectada,1.8737638446522174e-06
2,7,-0.07570372178978103,1.116502471301655,Infectada,1.8737638446522174e-06
2,8,-0.03706182377298946,0.9164941086774331,Infectada,1.8737638446522174e-06
2,9,0.010259669655487538,0.714105314467693,Infectada,1.8737638446522174e-06
2,10,0.06764183324352112,0.5088527730896325,Infectada,1.8737638446522174e-06
2,11,0.13697618555705304,0.30056839975780547,Infectada,1.8737638446522174e-06
2,12,0.22073742123847997,0.08971594325543464,Infectada,1.8737638446522174e-06
2,13,0.32187538426279916,-0.1221958339518864,Infectada,1.8737638446522174e-06
2,14,0.44349970893039153,-0.33216991563264253,Infectada,1.8737638446522174e-06
2,15,0.5882693262340908,-0.5351148592919792,Infectada,1.8737638446522174e-06
2,16,0.7562747818997868,-0.7230390160111719,Infectada,1.8737638446522174e-06
2,17,0.939168089283492,-0.8887501100473272,Infectada,1.8737638446522174e-06
2,18,1.1256517807679438,-1.0363153211210494,Infectada,1.8737638446522174e-06
2,19,1.3117296024472342,-1.1724298030491096,Infectada,1.8737638446522174e-06
2,20,1.4965861722729012,-1.3012073241233777,Infectada,1.8737638446522174e-06
2,21,1.6801917212994388,-1.425022229289367,Infectada,1.8737638446522174e-06
2,22,1.8626920242502512,-1.5453174128191178,Infectada,1.8737638446522174e-06
2,23,2.0442544406511742,-1.6630202133791097,Infectada,1.8737638446522174e-06
2,24,2.225029209701775,-1.778755242477406,Infectada,1.8737638446522174e-06
2,25,2.405142314563034,-1.8929595564358954,Infectada,1.8737638446522174e-06
2,26,2.584697090190656,-2.0059486799117416,Infectada,1.8737638446522174e-06
2,27,2.763777842930952,-2.1179564016517896,Infectada,1.8737638446522174e-06
2,28,2.9424534708306442,-2.2291597990688343,Infectada,1.8737638446522174e-06
2,29,3.1207805515054785,-2.339695547376594,Infectada,1.8737638446522174e-06
3,0,-0.19176620228167904,2.5,Infectada,1.6302304187458725e-06
3,1,-0.1899792284341777,2.300786197860175,Infectada,1.6302304187458725e-06
3,2,-0.18580495037178163,2.1024320612214478,Infectada,1.6302304187458725e-06
3,3,-0.1784998730494931,1.904888002967978,Infectada,1.6302304187458725e-06
3,4,-0.16725599657681822,1.7079223253044409,Infectada,1.6302304187458725e-06
3,5,-0.15130081969624032,1.5111318830294254,Infectada,1.6302304187458725e-06
3,6,-0.12993760444900737,1.3140087911973577,Infectada,1.6302304187458725e-06
3,7,-0.1025082397073161,1.1160065504957908,Infectada,1.6302304187458725e-06
3,8,-0.06831140411961467,0.9165859384427096,Infectada,1.6302304187458725e-06
3,9,-0.026502167904398508,0.7152602744801831,Infectada,1.6302304187458725e-06
3,10,0.024011853725293464,0.5116725959184504,Infectada,1.6302304187458725e-06
3,11,0.08465023029740248,0.3057359864867309,Infectada,1.6302304187458725e-06
3,12,0.15715867934389427,0.09784584610117636,Infectada,1.6302304187458725e-06
3,13,0.24346403667863237,-0.11087828388864229,Infectada,1.6302304187458725e-06
3,14,0.34536678525143827,-0.3183894136765201,Infectada,1.6302304187458725e-06
3,15,0.4640298445173858,-0.521567162492351,Infectada,1.6302304187458725e-06
3,16,0.5989555728883251,-0.7162984715807098,Infectada,1.6302304187458725e-06
3,17,0.7464101281392704,-0.898953310004165,Infectada,1.6302304187458725e-06
3,18,0.9005136197462247,-1.0695466570494008,Infectada,1.6302304187458725e-06
3,19,1.0572588839925519,-1.2309036910342577,Infectada,1.6302304187458725e-06
3,20,1.2148917791553786,-1.385742293235373,Infectada,1.6302304187458725e-06
3,21,1.3727259421718192,-1.5359623162525036,Infectada,1.6302304187458725e-06
3,22,1.5304965806503934,-1.6828262700435512,Infectada,1.6302304187458725e-06
3,23,1.6881062876458364,-1.8271844296504476,Infectada,1.6302304187458725e-06
3,24,1.8455263678072618,-1.9696251282283772,Infectada,1.6302304187458725e-06
3,25,2.0027567157270307,-2.110566914899274,Infectada,1.6302304187458725e-06
3,26,2.159808721859825,-2.2503151915173274,Infectada,1.6302304187458725e-06
3,27,2.3166977585610184,-2.389097846191133,Infectada,1.6302304187458725e-06
3,28,2.4734398518954834,-2.527088303538686,Infectada,1.6302304187458725e-06
4,0,0.1329770563201687,2.5,Sana,6.609746921562613e-07
4,1,0.1336050539196469,2.300033789233563,Sana,6.609746921562613e-07
4,2,0.13502133045217918,2.100057744468532,Sana,6.609746921562613e-07
4,3,0.13741674804836873,1.8999926385509676,Sana,6.609746921562613e-07
4,4,0.1410094015605662,1.6997141438235486,Sana,6.609746921562613e-07
4,5,0.1460433093531097,1.4990486047615137,Sana,6.609746921562613e-07
4,6,0.15279671287299562,1.297774572175107,Sana,6.609746921562613e-07
4,7,0.16160613922431574,1.0956294890072196,Sana,6.609746921562613e-07
4,8,0.1729086883895636,0.8923258671138732,Sana,6.609746921562613e-07
4,9,0.18729763043779646,0.6875919493214652,Sana,6.609746921562613e-07
4,10,0.2055651368724124,0.4812600427554192,Sana,6.609746921562613e-07
4,11,0.2286698192523248,0.2734041170598331,Sana,6.609746921562613e-07
4,12,0.25757417798928806,0.06445672278375403,Sana,6.609746921562613e-07
4,13,0.2930051596149094,-0.14479109097749043,Sana,6.609746921562613e-07
4,14,0.33524509908725175,-0.3533006719930042,Sana,6.609746921562613e-07
4,15,0.38396853624265337,-0.5599672432583844,Sana,6.609746921562613e-07
4,16,0.43817313258037505,-0.7639260091284245,Sana,6.609746921562613e-07
4,17,0.49644315581412585,-0.9648993703438044,Sana,6.609746921562613e-07
4,18,0.557484965146611,-1.163185600033339,Sana,6.609746921562613e-07
4,19,0.6203999867570488,-1.3593143745362293,Sana,6.609746921562613e-07
4,20,0.6846266472146865,-1.5537921583989893,Sana,6.609746921562613e-07
4,21,0.7498125451721457,-1.7470237716862729,Sana,6.609746921562613e-07
4,22,0.8157255013904918,-1.9393134958138247,Sana,6.609746921562613e-07
4,23,0.88220394202069,-2.130885594213773,Sana,6.609746921562613e-07
4,24,0.9491302994966584,-2.3219047925690095,Sana,6.609746921562613e-07
4,25,1.0164162853864875,-2.512492545377594,Sana,6.609746921562613e-07
5,0,-0.07830310281618491,2.5,Infectada,1.260281073928923e-06
5,1,-0.07697838987117096,2.3003940621190897,Infectada,1.260281073928923e-06
5,2,-0.07393141353316729,2.10117754091316,Infectada,1.260281073928923e-06
5,3,-0.06868109808193844,1.9022653222374832,Infectada,1.260281073928923e-06
5,4,-0.060696078114417705,1.703463180643326,Infectada,1.260281073928923e-06
5,5,-0.04943398279037677,1.5044691081214252,Infectada,1.260281073928923e-06
5,6,-0.03435371946109923,1.304901552456553,Infectada,1.260281073928923e-06
5,7,-0.014887842972765006,1.1043350991713539,Infectada,1.260281073928923e-06
5,8,0.009615998639252107,0.9023367378079258,Infectada,1.260281073928923e-06
5,9,0.0399698599386713,0.6985164078933372,Infectada,1.260281073928923e-06
5,10,0.07721476064983411,0.4926165823618376,Infectada,1.260281073928923e-06
5,11,0.12264038079489739,0.28465760829748754,Infectada,1.260281073928923e-06
5,12,0.17769347449215211,0.07511377702287195,Infectada,1.260281073928923e-06
5,13,0.24375034313829141,-0.13495731862485813,Infectada,1.260281073928923e-06
5,14,0.3217967160282448,-0.34389254659082225,Infectada,1.260281073928923e-06
5,15,0.4120239555255714,-0.5495219882711536,Infectada,1.260281073928923e-06
5,16,0.5132991258259981,-0.7495484415264835,Infectada,1.260281073928923e-06
5,17,0.6229472646741716,-0.9425307108420777,Infectada,1.260281073928923e-06
5,18,0.7378271695376152,-1.1287261619303095,Infectada,1.260281073928923e-06
5,19,0.8556780265871625,-1.3094380603582254,Infectada,1.260281073928923e-06
5,20,0.9752325019474374,-1.4860196855172128,Infectada,1.260281073928923e-06
5,21,1.0958183222591962,-1.659528057861757,Infectada,1.260281073928923e-06
5,22,1.2170668818392312,-1.830727364977607,Infectada,1.260281073928923e-06
5,23,1.338763937033674,-2.0001632676170704,Infectada,1.260281073928923e-06
5,24,1.4607774150023978,-2.1682288729237142,Infectada,1.260281073928923e-06
5,25,1.5830215968020287,-2.3352118277666825,Infectada,1.260281073928923e-06
5,26,1.7054384249563008,-2.501326236277161,Infectada,1.260281073928923e-06
6,0,-0.02722199254315369,2.5,Sana,4.961506638996728e-07
6,1,-0.026711783946330354,2.3001207943309,Sana,4.961506638996728e-07
6,2,-0.025544488335678878,2.1003522516988204,Sana,4.961506638996728e-07
6,3,-0.023542547696990955,1.9006552178720568,Sana,4.961506638996728e-07
6,4,-0.020506567390363026,1.7009522130626975,Sana,4.961506638996728e-07
6,5,-0.01622570694676223,1.5011273408639718,Sana,4.961506638996728e-07
6,6,-0.010480125863399387,1.301035529831214,Sana,4.961506638996728e-07
6,7,-0.0030313448022335,1.1005166780166233,Sana,4.961506638996728e-07
6,8,0.006396007827681556,0.8994135386038755,Sana,4.961506638996728e-07
6,9,0.018132750639581814,0.6975977617947362,Sana,4.961506638996728e-07
6,10,0.03257052204738166,0.4950087904804109,Sana,4.961506638996728e-07
6,11,0.050136286260514334,0.2917003936320698,Sana,4.961506638996728e-07
6,12,0.07122725784203873,0.08787300622496147,Sana,4.961506638996728e-07
6,13,0.09612319679324235,-0.11613293670900587,Sana,4.961506638996728e-07
6,14,0.12490844543529832,-0.3198869603181432,Sana,4.961506638996728e-07
6,15,0.15742705367982557,-0.522949953259483,Sana,4.961506638996728e-07
6,16,0.1932904987169874,-0.7249733435694126,Sana,4.961506638996728e-07
6,17,0.23195774471036884,-0.9257826861843564,Sana,4.961506638996728e-07
6,18,0.27286285380822956,-1.1253922710982665,Sana,4.961506638996728e-07
6,19,0.3155143267649701,-1.3239449404388721,Sana,4.961506638996728e-07
6,20,0.3595264112949683,-1.5216334750512022,Sana,4.961506638996728e-07
6,21,0.4046062174107294,-1.7186472773897998,Sana,4.961506638996728e-07
6,22,0.45053017076887614,-1.9151481748402386,Sana,4.961506638996728e-07
6,23,0.49712486820628266,-2.1112641839538444,Sana,4.961506638996728e-07
6,24,0.5442543414575682,-2.307091883822384,Sana,4.961506638996728e-07
6,25,0.5918116599233296,-2.5027020698280293,Sana,4.961506638996728e-07
7,0,-0.08314214058591274,2.5,Sana,8.942741997785822e-07
7,1,-0.08220027794512304,2.3002856783794803,Sana,8.942741997785822e-07
7,2,-0.08003215285839534,2.100855971099708,Sana,8.942741997785822e-07
7,3,-0.0762920735009939,1.9016534296857939,Sana,8.942741997785822e-07
7,4,-0.0705961626059702,1.702543752651589,Sana,8.942741997785822e-07
7,5,-0.06255061596681685,1.5033170692364237,Sana,8.942741997785822e-07
7,6,-0.05176176598174612,1.3037095446973095,Sana,8.942741997785822e-07
7,7,-0.03781922223686006,1.1034316784298321,Sana,8.942741997785822e-07
7,8,-0.02026034534338519,0.902198112630646,Sana,8.942741997785822e-07
7,9,0.0014700171887041084,0.6997671054594004,Sana,8.942741997785822e-07
7,10,0.02804553089622452,0.49600181209304467,Sana,8.942741997785822e-07
7,11,0.06024152737484871,0.2909543521334045,Sana,8.942741997785822e-07
7,12,0.09884864252073267,0.08494661054178518,Sana,8.942741997785822e-07
7,13,0.14452236656767514,-0.1213978473601218,Sana,8.942741997785822e-07
7,14,0.19760912702677125,-0.32719771509405404,Sana,8.942741997785822e-07
7,15,0.25798520326619934,-0.5314358311629446,Sana,8.942741997785822e-07
7,16,0.3249517663566784,-0.7331755237984254,Sana,8.942741997785822e-07
7,17,0.3973094094253794,-0.931850956066523,Sana,8.942741997785822e-07
7,18,0.47369420451017613,-1.127432049960845,Sana,8.942741997785822e-07
7,19,0.5529413315321821,-1.3202883657395796,Sana,8.942741997785822e-07
7,20,0.6342118700219564,-1.5109275511543698,Sana,8.942741997785822e-07
7,21,0.7169399687685125,-1.6998275225725656,Sana,8.942741997785822e-07
7,22,0.8007446062944846,-1.8873794735049807,Sana,8.942741997785822e-07
7,23,0.8853628825592578,-2.073885632598646,Sana,8.942741997785822e-07
7,24,0.9706080482555777,-2.2595743235897015,Sana,8.942741997785822e-07
7,25,1.056344019213815,-2.4446170997330814,Sana,8.942741997785822e-07
7,26,1.1424695723750442,-2.6291432905834706,Sana,8.942741997785822e-07
8,0,-0.017572006313185617,2.5,Infectada,1.4202584614063771e-06
8,1,-0.01611781761342831,2.3003278594425347,Infectada,1.4202584614063771e-06
8,2,-0.012795805677170452,2.100947939312816,Infectada,1.4202584614063771e-06
8,3,-0.007110606140594219,1.9017385443766899,Infectada,1.4202584614063771e-06
8,4,0.0014875581237003832,1.702464845076817,Infectada,1.4202584614063771e-06
8,5,0.013573521470076105,1.50277665042714,Infectada,1.4202584614063771e-06
8,6,0.029744437865382656,1.3022287368207672,Infectada,1.4202584614063771e-06
8,7,0.05065840168093534,1.100309232382156,Infectada,1.4202584614063771e-06
8,8,0.07711287464191657,0.896472965055551,Infectada,1.4202584614063771e-06
8,9,0.11015523944296501,0.6901994293727906,Infectada,1.4202584614063771e-06
8,10,0.15120336205175383,0.4811154452857862,Infectada,1.4202584614063771e-06
8,11,0.20210913093612626,0.26922046965169455,Infectada,1.4202584614063771e-06
8,12,0.26505152860936865,0.05518400348105229,Infectada,1.4202584614063771e-06
8,13,0.3422116998516869,-0.15941811522423374,Infectada,1.4202584614063771e-06
8,14,0.4353152688477764,-0.3720017251936639,Infectada,1.4202584614063771e-06
8,15,0.5449483988689279,-0.5789476141102401,Infectada,1.4202584614063771e-06
8,16,0.6691687309207337,-0.7761391622225866,Infectada,1.4202584614063771e-06
8,17,0.8026923365719801,-0.9616591332276715,Infectada,1.4202584614063771e-06
8,18,0.9404532802032186,-1.1374299736264109,Infectada,1.4202584614063771e-06
8,19,1.079930083849452,-1.3062586618599559,Infectada,1.4202584614063771e-06
8,20,1.2201016505371973,-1.4702322295806978,Infectada,1.4202584614063771e-06
8,21,1.3605504136427897,-1.6307316912637535,Infectada,1.4202584614063771e-06
8,22,1.5010965590934569,-1.7886724994255534,Infectada,1.4202584614063771e-06
8,23,1.6416594503363728,-1.944678058968514,Infectada,1.4202584614063771e-06
8,24,1.7822024591853005,-2.0991857110662693,Infectada,1.4202584614063771e-06
8,25,1.9227094907639393,-2.2525107654908494,Infectada,1.4202584614063771e-06
8,26,2.0631743722120586,-2.4048860821885967,Infectada,1.4202584614063771e-06
8,27,2.2035958094074157,-2.5564872766660267,Infectada,1.4202584614063771e-06
9,0,0.036965827544816976,2.5,Sana,3.725755441359629e-07
9,1,0.03733768000138441,2.300060403573496,Sana,3.725755441359629e-07
9,2,0.038183103716817234,2.1001662294167183,Sana,3.725755441359629e-07
9,3,0.03962426278589977,1.9002818373364958,Sana,3.725755441359629e-07
9,4,0.04179950902648641,1.7003450259098003,Sana,3.725755441359629e-07
9,5,0.04485899397395408,1.5002662262330042,Sana,3.725755441359629e-07
9,6,0.048965514424234385,1.2999331805848442,Sana,3.725755441359629e-07
9,7,0.054303425947545676,1.0992195314003643,Sana,3.725755441359629e-07
9,8,0.06109408794602265,0.8979979392797637,Sana,3.725755441359629e-07
9,9,0.06961184666356009,0.6961621724407445,Sana,3.725755441359629e-07
9,10,0.08018813689835984,0.49366249006017526,Sana,3.725755441359629e-07
9,11,0.09318605234184806,0.2905484123524894,Sana,3.725755441359629e-07
9,12,0.10893802271100644,0.08699587476815207,Sana,3.725755441359629e-07
9,13,0.12766707887180673,-0.11670448157363761,Sana,3.725755441359629e-07
9,14,0.14942419973415824,-0.32019681473455286,Sana,3.725755441359629e-07
9,15,0.17405988887720045,-0.5231322842007273,Sana,3.725755441359629e-07
9,16,0.20124330857110703,-0.7252502371787196,Sana,3.725755441359629e-07
9,17,0.23053977719679405,-0.9264378183904204,Sana,3.725755441359629e-07
9,18,0.26151528857476025,-1.12672784123373,Sana,3.725755441359629e-07
9,19,0.29380548677522034,-1.326243040986168,Sana,3.725755441359629e-07
9,20,0.32712948013907805,-1.5251358237930723,Sana,3.725755441359629e-07
9,21,0.3612744677912554,-1.723551319521227,Sana,3.725755441359629e-07
9,22,0.3960763120463153,-1.9216117609996517,Sana,3.725755441359629e-07
9,23,0.43140537831841064,-2.119412885995978,Sana,3.725755441359629e-07
9,24,0.46715793057409044,-2.317026005191418,Sana,3.725755441359629e-07
9,25,0.5032508965839518,-2.514502378357969,Sana,3.725755441359629e-07
10,0,0.04301794076057536,2.5,Sana,6.198083930243585e-07
10,1,0.0436347267564287,2.3000959223998443,Sana,6.198083930243585e-07
10,2,0.04503608273083377,2.100261540541562,Sana,6.198083930243585e-07
10,3,0.04742301481970191,1.9004359934989783,Sana,6.198083930243585e-07
10,4,0.05102264674261293,1.7005139135235692,Sana,6.198083930243585e-07
10,5,0.056081188693833973,1.5003437039079808,Sana,6.198083930243585e-07
10,6,0.06286600870947066,1.2997343542555382,Sana,6.198083930243585e-07
10,7,0.07168196127823744,1.098468051299781,Sana,6.198083930243585e-07
10,8,0.08290059546178971,0.896319790336673,Sana,6.198083930243585e-07
10,9,0.09699413345247043,0.6930926697484114,Sana,6.198083930243585e-07
10,10,0.11455427917314395,0.4886800011714929,Sana,6.198083930243585e-07
10,11,0.13626116107236022,0.2831499634159602,Sana,6.198083930243585e-07
10,12,0.16277756569473156,0.07681324402296258,Sana,6.198083930243585e-07
10,13,0.19459597468520434,-0.12977736565153095,Sana,6.198083930243585e-07
10,14,0.23189777125687705,-0.3359023986888966,Sana,6.198083930243585e-07
10,15,0.2744559188529046,-0.5408066689803702,Sana,6.198083930243585e-07
10,16,0.3216175878239892,-0.7438850962487233,Sana,6.198083930243585e-07
10,17,0.372449513641275,-0.9448677709909064,Sana,6.198083930243585e-07
10,18,0.42601548810998324,-1.1438469328774032,Sana,6.198083930243585e-07
10,19,0.4815722149163329,-1.341124131455293,Sana,6.198083930243585e-07
10,20,0.5385943941106651,-1.537046212862172,Sana,6.198083930243585e-07
10,21,0.5967202973896261,-1.731921842123691,Sana,6.198083930243585e-07
10,22,0.6556956411274508,-1.9259985549408711,Sana,6.198083930243585e-07
10,23,0.7153356481661367,-2.1194656863447663,Sana,6.198083930243585e-07
10,24,0.7755021716238425,-2.3124648845629174,Sana,6.198083930243585e-07
10,25,0.8360898934366923,-2.505101196522355,Sana,6.198083930243585e-07
11,0,0.07369321060486278,2.5,Sana,7.124918750620169e-07
11,1,0.07439149067561468,2.3000842292630455,Sana,7.124918750620169e-07
11,2,0.07597368898539786,2.1002163788504777,Sana,7.124918750620169e-07
11,3,0.0786615080784356,1.9003208168052441,Sana,7.124918750620169e-07
11,4,0.08270615688143934,1.7002717147121982,Sana,7.124918750620169e-07
11,5,0.0883827184363878,1.4998901291527056,Sana,7.124918750620169e-07
11,6,0.09599495950051881,1.2989494627372205,Sana,7.124918750620169e-07
11,7,0.10589681251956913,1.097187060801243,Sana,7.124918750620169e-07
11,8,0.11853071841356295,0.8943244715311462,Sana,7.124918750620169e-07
11,9,0.13447544503735995,0.6901085447215918,Sana,7.124918750620169e-07
11,10,0.1544793902256454,0.48439093965158475,Sana,7.124918750620169e-07
11,11,0.17943024101683783,0.27724523500971743,Sana,7.124918750620169e-07
11,12,0.21021886544999532,0.06906825331727146,Sana,7.124918750620169e-07
11,13,0.24753186084356898,-0.13941035038876684,Sana,7.124918750620169e-07
11,14,0.29165540063810574,-0.34721893327580855,Sana,7.124918750620169e-07
11,15,0.34231989616754266,-0.553309417417998,Sana,7.124918750620169e-07
11,16,0.39863252691676265,-0.7568280481457712,Sana,7.124918750620169e-07
11,17,0.45927873486465526,-0.9574277507692739,Sana,7.124918750620169e-07
11,18,0.5229795994856068,-1.155310149416645,Sana,7.124918750620169e-07
11,19,0.5887877043382963,-1.3509508124722462,Sana,7.124918750620169e-07
11,20,0.6560827229565395,-1.5448451276844104,Sana,7.124918750620169e-07
11,21,0.7244648908259668,-1.7374068351933323,Sana,7.124918750620169e-07
11,22,0.793667667213799,-1.9289545025924186,Sana,7.124918750620169e-07
11,23,0.8635050789263191,-2.1197261194681585,Sana,7.124918750620169e-07
11,24,0.9338421663987662,-2.3098978611526846,Sana,7.124918750620169e-07
11,25,1.0045781188363392,-2.499600240100992,Sana,7.124918750620169e-07
11,26,1.0756360988069804,-2.688930534076545,Sana,7.124918750620169e-07
12,0,-0.15118470606208848,2.5,Sana,1.0467634736309568e-06
12,1,-0.15005305831439603,2.3004385411343096,Sana,1.0467634736309568e-06
12,2,-0.14742470817166947,2.101343706299004,Sana,1.0467634736309568e-06
12,3,-0.14284978068026893,1.9026712415408065,Sana,1.0467634736309568e-06
12,4,-0.13583256286982226,1.7042729976939222,Sana,1.0467634736309568e-06
12,5,-0.12588175277884037,1.5059012314362996,Sana,1.0467634736309568e-06
12,6,-0.11253194746907215,1.3072444948564477,Sana,1.0467634736309568e-06
12,7,-0.09532502718642163,1.1079684840946045,Sana,1.0467634736309568e-06
12,8,-0.07376799678947515,0.9077511872076482,Sana,1.0467634736309568e-06
12,9,-0.04728623788412903,0.7063219840152575,Sana,1.0467634736309568e-06
12,10,-0.015189999829709783,0.5035193126936784,Sana,1.0467634736309568e-06
12,11,0.02332137036511346,0.2993720475439175,Sana,1.0467634736309568e-06
12,12,0.06909058932765255,0.09418673271970668,Sana,1.0467634736309568e-06
12,13,0.12286298406196727,-0.11139948569814193,Sana,1.0467634736309568e-06
12,14,0.18510277634885583,-0.31643482046689386,Sana,1.0467634736309568e-06
12,15,0.25579660711690244,-0.5197530005065412,Sana,1.0467634736309568e-06
12,16,0.33428268463476896,-0.7201891681702959,Sana,1.0467634736309568e-06
12,17,0.41924292667741014,-0.9169306498382379,Sana,1.0467634736309568e-06
12,18,0.5090386415856777,-1.109807599200217,Sana,1.0467634736309568e-06
12,19,0.6022019799669822,-1.2992117975137676,Sana,1.0467634736309568e-06
12,20,0.697668397669919,-1.4857658033134253,Sana,1.0467634736309568e-06
12,21,0.7947347960709013,-1.6700766673291347,Sana,1.0467634736309568e-06
12,22,0.8929438426661485,-1.8526454152521208,Sana,1.0467634736309568e-06
12,23,0.9919918963077305,-2.0338594288283005,Sana,1.0467634736309568e-06
12,24,1.0916710733113462,-2.214011323347969,Sana,1.0467634736309568e-06
12,25,1.1918347483772451,-2.3933211793740345,Sana,1.0467634736309568e-06
12,26,1.2923768215793128,-2.57195530802787,Sana,1.0467634736309568e-06
13,0,-0.07531556956423563,2.5,Infectada,1.0337469050086933e-06
13,1,-0.07423031256188457,2.3003189259859393,Infectada,1.0337469050086933e-06
13,2,-0.07173466032001488,2.1009522389831776,Infectada,1.0337469050086933e-06
13,3,-0.06743450453835433,1.901830331834437,Infectada,1.0337469050086933e-06
13,4,-0.06089285001370705,1.7027954244684627,Infectada,1.0337469050086933e-06
13,5,-0.05166108983358384,1.5036026659013113,Infectada,1.0337469050086933e-06
13,6,-0.03928924038090997,1.3039436008618257,Infectada,1.0337469050086933e-06
13,7,-0.023304927456165286,1.1034768731578701,Infectada,1.0337469050086933e-06
13,8,-0.0031693333609286375,0.9018607364320492,Infectada,1.0337469050086933e-06
13,9,0.021775558317711413,0.6987977078408163,Infectada,1.0337469050086933e-06
13,10,0.052347429083994965,0.4941080794513909,Infectada,1.0337469050086933e-06
13,11,0.08951605267450599,0.28783792564625166,Infectada,1.0337469050086933e-06
13,12,0.13430809316016704,0.08037318586027939,Infectada,1.0337469050086933e-06
13,13,0.18762174185104916,-0.12749948306325956,Infectada,1.0337469050086933e-06
13,14,0.24999639531659879,-0.33462419669360655,Infectada,1.0337469050086933e-06
13,15,0.3213713300215981,-0.5396076971738433,Infectada,1.0337469050086933e-06
13,16,0.4008719884772436,-0.7411062770691511,Infectada,1.0337469050086933e-06
13,17,0.4868452987921673,-0.9383009241354701,Infectada,1.0337469050086933e-06
13,18,0.5773908377073859,-1.131212125976417,Infectada,1.0337469050086933e-06
13,19,0.6709692397434597,-1.3204541114143806,Infectada,1.0337469050086933e-06
13,20,0.7665592236018929,-1.506787747083083,Infectada,1.0337469050086933e-06
13,21,0.8635261534616325,-1.6908815339339491,Infectada,1.0337469050086933e-06
13,22,0.9614718076719461,-1.873257372766131,Infectada,1.0337469050086933e-06
13,23,1.0601367648998303,-2.054306455612014,Infectada,1.0337469050086933e-06
13,24,1.1593449094655421,-2.2343191348469973,Infectada,1.0337469050086933e-06
13,25,1.2589722802994707,-2.4135116334968543,Infectada,1.0337469050086933e-06
13,26,1.3589290256745226,-2.5920464468752913,Infectada,1.0337469050086933e-06
14,0,0.018684111737311854,2.5,Sana,1.021539973998623e-06
14,1,0.019712645610579442,2.300188657725264,Sana,1.021539973998623e-06
14,2,0.022054333684807335,2.100529430728513,Sana,1.021539973998623e-06
14,3,0.026049836753848758,1.9009267080636152,Sana,1.021539973998623e-06
14,4,0.032081014800374265,1.7012082812574405,Sana,1.021539973998623e-06
14,5,0.04055566289001958,1.501122801241102,Sana,1.021539973998623e-06
14,6,0.051908933741062604,1.3003518787934398,Sana,1.021539973998623e-06
14,7,0.06663106530176068,1.0985299208595805,Sana,1.021539973998623e-06
14,8,0.08532034021898104,0.8952719578225012,Sana,1.021539973998623e-06
14,9,0.10875218774132953,0.6902242330394016,Sana,1.021539973998623e-06
14,10,0.13793884680557816,0.4831623954904138,Sana,1.021539973998623e-06
14,11,0.17412216558410765,0.27414754913299577,Sana,1.021539973998623e-06
14,12,0.21863273802696598,0.0636904256008674,Sana,1.021539973998623e-06
14,13,0.27262401381848766,-0.14717571808343996,Sana,1.021539973998623e-06
14,14,0.336767140160928,-0.3569514972170067,Sana,1.021539973998623e-06
14,15,0.4109244768703222,-0.5638440876495782,Sana,1.021539973998623e-06
14,16,0.49382272777563085,-0.7661894774122642,Sana,1.021539973998623e-06
14,17,0.5831833334106127,-0.9632065229540331,Sana,1.021539973998623e-06
14,18,0.6766911663640556,-1.1553035060449304,Sana,1.021539973998623e-06
14,19,0.7727448130163478,-1.3434584569040102,Sana,1.021539973998623e-06
14,20,0.8704110043786196,-1.5286240731473837,Sana,1.021539973998623e-06
14,21,0.9691566419318457,-1.711545561532885,Sana,1.021539973998623e-06
14,22,1.068663360518507,-1.892769429199008,Sana,1.021539973998623e-06
14,23,1.1687293225376578,-2.0726913980169446,Sana,1.021539973998623e-06
14,24,1.2692193136977878,-2.2515996055963217,Sana,1.021539973998623e-06
14,25,1.3700386007781697,-2.429706399990313,Sana,1.021539973998623e-06
14,26,1.471118467107861,-2.6071705106740466,Sana,1.021539973998623e-06
15,0,-0.1646029991792322,2.5,Sana,8.514104843569911e-07
15,1,-0.16367818378779733,2.3003742314972975,Sana,8.514104843569911e-07
15,2,-0.16152566906362975,2.1011512111681845,Sana,8.514104843569911e-07
15,3,-0.15776997447591795,1.9023001411720433,Sana,8.514104843569911e-07
15,4,-0.15199611582211597,1.7037036712861104,Sana,8.514104843569911e-07
15,5,-0.14379346308565383,1.5051617992726927,Sana,8.514104843569911e-07
15,6,-0.13277549775680306,1.3064235722370052,Sana,8.514104843569911e-07
15,7,-0.1185660722118791,1.1072230505457865,Sana,8.514104843569911e-07
15,8,-0.10076767486301466,0.90730983370686,Sana,8.514104843569911e-07
15,9,-0.07892901996169834,0.7064813707247799,Sana,8.514104843569911e-07
15,10,-0.05252705718909123,0.5046268844370561,Sana,8.514104843569911e-07
15,11,-0.02098083161479075,0.3017835760713395,Sana,8.514104843569911e-07
15,12,0.016288088072735817,0.09818903759760877,Sana,8.514104843569911e-07
15,13,0.05975179527872851,-0.10569810857757456,Sana,8.514104843569911e-07
15,14,0.10965360454401418,-0.30922964601149583,Sana,8.514104843569911e-07
15,15,0.16589662928178756,-0.5116560979927398,Sana,8.514104843569911e-07
15,16,0.22797800752308456,-0.7122737638158207,Sana,8.514104843569911e-07
15,17,0.29503170038919874,-0.9106088292314123,Sana,8.514104843569911e-07
15,18,0.3660201671672595,-1.1065391432005185,Sana,8.514104843569911e-07
15,19,0.43997379536465164,-1.3002511588238974,Sana,8.514104843569911e-07
15,20,0.5161225302208061,-1.4920870519858527,Sana,8.514104843569911e-07
15,21,0.5939022686224299,-1.682411571620771,Sana,8.514104843569911e-07
15,22,0.6729092239096846,-1.8715457758584957,Sana,8.514104843569911e-07
15,23,0.7528527968608959,-2.0597486674202816,Sana,8.514104843569911e-07
15,24,0.8335208236614569,-2.247220793144807,Sana,8.514104843569911e-07
15,25,0.9147561210628642,-2.4341147916997166,Sana,8.514104843569911e-07
15,26,0.9964407388184875,-2.6205464027321472,Sana,8.514104843569911e-07
16,0,-0.1819090844357848,2.5,Sana,3.564434028897718e-07
16,1,-0.1815196291050755,2.3001663157877874,Sana,3.564434028897718e-07
16,2,-0.1806104148758724,2.1005142961857857,Sana,3.564434028897718e-07
16,3,-0.17901810883170435,1.9010345305024705,Sana,3.564434028897718e-07
16,4,-0.17656051956947408,1.7016804779731227,Sana,3.564434028897718e-07
16,5,-0.17305650290683314,1.502370203746846,Sana,3.564434028897718e-07
16,6,-0.1683357656358769,1.3030012614894908,Sana,3.564434028897718e-07
16,7,-0.16223442529234866,1.1034678228844437,Sana,3.564434028897718e-07
16,8,-0.15458413878643798,0.9036751400130856,Sana,3.564434028897718e-07
16,9,-0.14520338289156107,0.7035535605457357,Sana,3.564434028897718e-07
16,10,-0.13389732062177145,0.5030743345248745,Sana,3.564434028897718e-07
16,11,-0.12047091191049528,0.3022649418467136,Sana,3.564434028897718e-07
16,12,-0.10475552307109318,0.10121691551892747,Sana,3.564434028897718e-07
16,13,-0.08664209685503622,-0.0999209549017645,Sana,3.564434028897718e-07
16,14,-0.06610953150216149,-0.3009654819061128,Sana,3.564434028897718e-07
16,15,-0.04323837153038036,-0.5017332612150265,Sana,3.564434028897718e-07
16,16,-0.018203689664484605,-0.7020777071522621,Sana,3.564434028897718e-07
16,17,0.008753386968358215,-0.9019170944072736,Sana,3.564434028897718e-07
16,18,0.03736576179233407,-1.1012421791074578,Sana,3.564434028897718e-07
16,19,0.06737483712840756,-1.300102237769944,Sana,3.564434028897718e-07
16,20,0.09854837157791925,-1.4985802928179246,Sana,3.564434028897718e-07
16,21,0.13068379848779157,-1.696769416287474,Sana,3.564434028897718e-07
16,22,0.16360537649830872,-1.8947556551031421,Sana,3.564434028897718e-07
16,23,0.19716155648595232,-2.0926084292222598,Sana,3.564434028897718e-07
16,24,0.2312242061185681,-2.290377667064094,Sana,3.564434028897718e-07
16,25,0.26568820763630535,-2.488095913571176,Sana,3.564434028897718e-07
16,26,0.30046985219349054,-2.6857827842698607,Sana,3.564434028897718e-07
17,0,0.13149500366077177,2.5,Sana,5.840467374815874e-07
17,1,0.13205035561503653,2.3000308044192055,Sana,5.840467374815874e-07
17,2,0.13330297704920313,2.1000541323951287,Sana,5.840467374815874e-07
17,3,0.13542196022845662,1.900000332814261,Sana,5.840467374815874e-07
17,4,0.13860063230054145,1.699760045347305,Sana,5.840467374815874e-07
17,5,0.1430553607789588,1.4991806019553613,Sana,5.840467374815874e-07
17,6,0.14903272811926613,1.2980676874884578,Sana,5.840467374815874e-07
17,7,0.15683033050488634,1.0961918219155493,Sana,5.840467374815874e-07
17,8,0.16683290291486058,0.8933035483915722,Sana,5.840467374815874e-07
17,9,0.17955850945861934,0.6891702052298675,Sana,5.840467374815874e-07
17,10,0.19569088970722368,0.4836530475765507,Sana,5.840467374815874e-07
17,11,0.21604500023659848,0.2768230247641118,Sana,5.840467374815874e-07
17,12,0.24142380464550625,0.06905380988045509,Sana,5.840467374815874e-07
17,13,0.272415833412142,-0.13898636123208793,Sana,5.840467374815874e-07
17,14,0.3092247752397954,-0.3464368660866045,Sana,5.840467374815874e-07
17,15,0.35155117285194926,-0.552404755504493,Sana,5.840467374815874e-07
17,16,0.39856802821462894,-0.7562070799615273,Sana,5.840467374815874e-07
17,17,0.44914093952141143,-0.957616080812083,Sana,5.840467374815874e-07
17,18,0.5022210413552546,-1.1568437260408184,Sana,5.840467374815874e-07
17,19,0.5570524346305444,-1.3542949245042537,Sana,5.840467374815874e-07
17,20,0.6131426706332509,-1.5503730432671894,Sana,5.840467374815874e-07
17,21,0.6701711513087824,-1.7454100129262353,Sana,5.840467374815874e-07
17,22,0.7279200922172484,-1.939660171926916,Sana,5.840467374815874e-07
17,23,0.7862341277599914,-2.1333130723142717,Sana,5.840467374815874e-07
17,24,0.8449979986777917,-2.3265085781592973,Sana,5.840467374815874e-07
17,25,0.9041239151165089,-2.5193497504797118,Sana,5.840467374815874e-07
18,0,-0.0876261961250477,2.5,Infectada,1.4972251908184383e-06
18,1,-0.0860464149850232,2.3004877439308036,Infectada,1.4972251908184383e-06
18,2,-0.08240918280151659,2.10146234302263,Infectada,1.4972251908184383e-06
18,3,-0.07613685334088205,1.9028251934707512,Infectada,1.4972251908184383e-06
18,4,-0.06659444059756967,1.704344620774651,Infectada,1.4972251908184383e-06
18,5,-0.0531396080981338,1.505657867958194,Infectada,1.4972251908184383e-06
18,6,-0.035138159150514936,1.3063054832626468,Infectada,1.4972251908184383e-06
18,7,-0.011929102041960224,1.105772599438649,Infectada,1.4972251908184383e-06
18,8,0.017250432972651428,0.9035280140044002,Infectada,1.4972251908184383e-06
18,9,0.05336621229128186,0.6990781781361811,Infectada,1.4972251908184383e-06
18,10,0.09769436988488839,0.49207009142660474,Infectada,1.4972251908184383e-06
18,11,0.1518871278046171,0.2824759452354826,Infectada,1.4972251908184383e-06
18,12,0.21791151456269392,0.07084812308936164,Infectada,1.4972251908184383e-06
18,13,0.29780280315746893,-0.14144453164166604,Infectada,1.4972251908184383e-06
18,14,0.39326616529614855,-0.35207838113430173,Infectada,1.4972251908184383e-06
18,15,0.5050743664277805,-0.5577211102057256,Infectada,1.4972251908184383e-06
18,16,0.6318952933286196,-0.7543781322558812,Infectada,1.4972251908184383e-06
18,17,0.7691745013397955,-0.9394874404121842,Infectada,1.4972251908184383e-06
18,18,0.9116204950361729,-1.1142045609028937,Infectada,1.4972251908184383e-06
18,19,1.056210801391712,-1.281270044862256,Infectada,1.4972251908184383e-06
18,20,1.2016562984519874,-1.442939362985867,Infectada,1.4972251908184383e-06
18,21,1.347425037767074,-1.6007487362889268,Infectada,1.4972251908184383e-06
18,22,1.4932899207854082,-1.7557234741345722,Infectada,1.4972251908184383e-06
18,23,1.639151287763901,-1.9085615703624548,Infectada,1.4972251908184383e-06
18,24,1.7849657056831627,-2.059751394937146,Infectada,1.4972251908184383e-06
18,25,1.930715673213001,-2.2096438844010278,Infectada,1.4972251908184383e-06
18,26,2.0763959789531383,-2.3584973442368495,Infectada,1.4972251908184383e-06
18,27,2.2220072618655315,-2.506505967170116,Infectada,1.4972251908184383e-06
19,0,-0.17017974252809168,2.5,Infectada,1.284475315875105e-06
19,1,-0.1687818427495577,2.3005757016054345,Infectada,1.284475315875105e-06
19,2,-0.16552652032723117,2.1017723041058494,Infectada,1.284475315875105e-06
19,3,-0.15984602852998064,1.9035427353830345,Infectada,1.284475315875105e-06
19,4,-0.15111829681951616,1.7057054735805226,Infectada,1.284475315875105e-06
19,5,-0.1387361822018833,1.5079511015194398,Infectada,1.284475315875105e-06
19,6,-0.1221365829252209,1.3098901776174388,Infectada,1.284475315875105e-06
19,7,-0.10077526489586199,1.111104554551611,Infectada,1.284475315875105e-06
19,8,-0.07407011341136684,0.911187836217959,Infectada,1.284475315875105e-06
19,9,-0.04133523713533095,0.709788370911486,Infectada,1.284475315875105e-06
19,10,-0.0017241341571615845,0.5066760675220072,Infectada,1.284475315875105e-06
19,11,0.04579034433280821,0.30184665473544264,Infectada,1.284475315875105e-06
19,12,0.10235991357062843,0.09565158988183625,Infectada,1.284475315875105e-06
19,13,0.16910367443086052,-0.11109253801391825,Infectada,1.284475315875105e-06
19,14,0.24686393499570825,-0.31706640260288754,Infectada,1.284475315875105e-06
19,15,0.335891357849172,-0.5205126010205545,Infectada,1.284475315875105e-06
19,16,0.43545636818975336,-0.7194916809150602,Infectada,1.284475315875105e-06
19,17,0.5436040708404526,-0.9125218624218979,Infectada,1.284475315875105e-06
19,18,0.6576776760176855,-1.0993308903505985,Infectada,1.284475315875105e-06
19,19,0.7754003467975698,-1.2807408840886652,Infectada,1.284475315875105e-06
19,20,0.8953123036794954,-1.457904369617663,Infectada,1.284475315875105e-06
19,21,1.0165762581410727,-1.6318375368603077,Infectada,1.284475315875105e-06
19,22,1.1387141335857438,-1.803318438204743,Infectada,1.284475315875105e-06
19,23,1.2614425332517596,-1.9729185682422157,Infectada,1.284475315875105e-06
19,24,1.3845853319631645,-2.1410554866386686,Infectada,1.284475315875105e-06
19,25,1.5080280653435234,-2.3080368180885547,Infectada,1.284475315875105e-06
19,26,1.6316934174515565,-2.4740922032262938,Infectada,1.284475315875105e-06
19,27,1.7555274558230924,-2.63939558802936,Infectada,1.284475315875105e-06
20,0,0.10889790771866298,2.5,Sana,1.1092998567487852e-06
20,1,0.10996548992184507,2.3000863341694724,Sana,1.1092998567487852e-06
20,2,0.1123771483687713,2.1001917344970655,Sana,1.1092998567487852e-06
20,3,0.11646148072612002,1.900187574064981,Sana,1.1092998567487852e-06
20,4,0.12259101557011115,1.6998670326317677,Sana,1.1092998567487852e-06
20,5,0.1311770717397021,1.4989380705139919,Sana,1.1092998567487852e-06
20,6,0.1426819740762178,1.2970261155289788,Sana,1.1092998567487852e-06
20,7,0.1576603320410855,1.0936832048490788,Sana,1.1092998567487852e-06
20,8,0.1768361999366655,0.8884084566604861,Sana,1.1092998567487852e-06
20,9,0.20121589896641973,0.6807046171458483,Sana,1.1092998567487852e-06
20,10,0.23220730681215154,0.47021944813932737,Sana,1.1092998567487852e-06
20,11,0.27164297017217176,0.25700733323252206,Sana,1.1092998567487852e-06
20,12,0.3215638003806936,0.041821952818689195,Sana,1.1092998567487852e-06
20,13,0.3837935453124737,-0.17376042524993188,Sana,1.1092998567487852e-06
20,14,0.4594869796365799,-0.38739869308882624,Sana,1.1092998567487852e-06
20,15,0.5485304901669678,-0.5961354627941093,Sana,1.1092998567487852e-06
20,16,0.6485875756172388,-0.7971867490186288,Sana,1.1092998567487852e-06
20,17,0.7554433410207696,-0.9899345492745205,Sana,1.1092998567487852e-06
20,18,0.8657289645258486,-1.1759928054716802,Sana,1.1092998567487852e-06
20,19,0.9777457009637758,-1.357232828020607,Sana,1.1092998567487852e-06
20,20,1.0907196668531964,-1.53503778477081,Sana,1.1092998567487852e-06
20,21,1.2042781025379041,-1.7103459961379193,Sana,1.1092998567487852e-06
20,22,1.3182240134511247,-1.8837948554632273,Sana,1.1092998567487852e-06
20,23,1.4324433411934938,-2.055826863345354,Sana,1.1092998567487852e-06
20,24,1.5468646349163548,-2.2267569173376662,Sana,1.1092998567487852e-06
20,25,1.6614401922964352,-2.396814391045847,Sana,1.1092998567487852e-06
20,26,1.7761365483915257,-2.5661699005110035,Sana,1.1092998567487852e-06
21,0,0.10850813867437831,2.5,Sana,1.0793840357348595e-06
21,1,0.10954714331178257,2.300084479053208,Sana,1.0793840357348595e-06
21,2,0.11189434566682495,2.100188130668648,Sana,1.0793840357348595e-06
21,3,0.11586973927484835,1.9001860109523547,Sana,1.0793840357348595e-06
21,4,0.1218361911370012,1.6998771937002606,Sana,1.0793840357348595e-06
21,5,0.1301944267521696,1.4989780198390408,Sana,1.0793840357348595e-06
21,6,0.1413948161708372,1.297124910905777,Sana,1.0793840357348595e-06
21,7,0.15597722690607235,1.093883661303425,Sana,1.0793840357348595e-06
21,8,0.17464523752801164,0.888770028174126,Sana,1.0793840357348595e-06
21,9,0.19837373242982434,0.6813055371896012,Sana,1.0793840357348595e-06
21,10,0.22852041528504916,0.47115479224078005,Sana,1.0793840357348595e-06
21,11,0.26684195989306225,0.25837582737823095,Sana,1.0793840357348595e-06
21,12,0.31528040152316195,0.04369543025805561,Sana,1.0793840357348595e-06
21,13,0.3755522390566873,-0.17138094166122525,Sana,1.0793840357348595e-06
21,14,0.448715037268033,-0.38463711434065473,Sana,1.0793840357348595e-06
21,15,0.5346133643559376,-0.5933129975926138,Sana,1.0793840357348595e-06
21,16,0.631056356901607,-0.7948477286269021,Sana,1.0793840357348595e-06
21,17,0.7341643476736301,-0.9886241386166772,Sana,1.0793840357348595e-06
21,18,0.8407603110621502,-1.1760582311878505,Sana,1.0793840357348595e-06
21,19,0.9491783373880948,-1.3588718674770748,Sana,1.0793840357348595e-06
21,20,1.0586337743299166,-1.5383700977505155,Sana,1.0793840357348595e-06
21,21,1.1687382573828935,-1.7154504588511603,Sana,1.0793840357348595e-06
21,22,1.2792815878286952,-1.8907273280759782,Sana,1.0793840357348595e-06
21,23,1.3901394282629291,-2.064629099377244,Sana,1.0793840357348595e-06
21,24,1.5012324169615032,-2.2374613845507074,Sana,1.0793840357348595e-06
21,25,1.6125067299588818,-2.409447079387967,Sana,1.0793840357348595e-06
21,26,1.7239241212791252,-2.5807520691178993,Sana,1.0793840357348595e-06
22,0,-0.05661370858229095,2.5,Sana,8.993790294210692e-07
22,1,-0.05567691019153836,2.3002543280559653,Sana,8.993790294210692e-07
22,2,-0.053527166912166906,2.1007531217305484,Sana,8.993790294210692e-07
22,3,-0.04983038727082915,1.901431365063381,Sana,8.993790294210692e-07
22,4,-0.044214671067814106,1.7021500944828432,Sana,8.993790294210692e-07
22,5,-0.03629417274203889,1.5026968126036822,Sana,8.993790294210692e-07
22,6,-0.025676112258466832,1.3028041361823848,Sana,8.993790294210692e-07
22,7,-0.011942425817272699,1.1021755227667256,Sana,8.993790294210692e-07
22,8,0.005387592945431724,0.9005143900391142,Sana,8.993790294210692e-07
22,9,0.026900845574977787,0.6975655860771869,Sana,8.993790294210692e-07
22,10,0.05331986211874308,0.4931826771281751,Sana,8.993790294210692e-07
22,11,0.0854850766929208,0.28742238275802645,Sana,8.993790294210692e-07
22,12,0.1242583843551271,0.08063578098252641,Sana,8.993790294210692e-07
22,13,0.17035520114259842,-0.1264967439187069,Sana,8.993790294210692e-07
22,14,0.22415286798791756,-0.3330150865823245,Sana,8.993790294210692e-07
22,15,0.2855125186453274,-0.5378132029509357,Sana,8.993790294210692e-07
22,16,0.3536594538141208,-0.7398816206677818,Sana,8.993790294210692e-07
22,17,0.42727386667680156,-0.9386393801511375,Sana,8.993790294210692e-07
22,18,0.5048889041580605,-1.1341073543141185,Sana,8.993790294210692e-07
22,19,0.5852935077141665,-1.3267253705481274,Sana,8.993790294210692e-07
22,20,0.6676435809223378,-1.5170533144311047,Sana,8.993790294210692e-07
22,21,0.7513838321721549,-1.7055994274110493,Sana,8.993790294210692e-07
22,22,0.8361466090187927,-1.8927710811016185,Sana,8.993790294210692e-07
22,23,0.9216809280794614,-2.078879161587342,Sana,8.993790294210692e-07
22,24,1.0078096276240034,-2.264156890942084,Sana,8.993790294210692e-07
22,25,1.094404040946955,-2.448778836602774,Sana,8.993790294210692e-07
22,26,1.1813685916531456,-2.6328763521474876,Sana,8.993790294210692e-07
23,0,-0.06764079005894033,2.5,Sana,1.0926635381367077e-06
23,1,-0.06649734375737261,2.3003254891765157,Sana,1.0926635381367077e-06
23,2,-0.06387034826950617,2.100968460808712,Sana,1.0926635381367077e-06
23,3,-0.05934833727217722,1.9018524973649877,Sana,1.0926635381367077e-06
23,4,-0.05247513676340065,1.7028089365966699,Sana,1.0926635381367077e-06
23,5,-0.042781398535572855,1.5035776735239668,Sana,1.0926635381367077e-06
23,6,-0.029794185810553018,1.3038306714776242,Sana,1.0926635381367077e-06
23,7,-0.013013795888507481,1.1032029603232014,Sana,1.0926635381367077e-06
23,8,0.008134518095863796,0.9013259043119294,Sana,1.0926635381367077e-06
23,9,0.034359888000760175,0.6978742088492902,Sana,1.0926635381367077e-06
23,10,0.06655442767895829,0.49264587759158496,Sana,1.0926635381367077e-06
23,11,0.10579133595400426,0.2856835227977928,Sana,1.0926635381367077e-06
23,12,0.15322538752672712,0.0774073252594902,Sana,1.0926635381367077e-06
23,13,0.20988893401823228,-0.1313075959484584,Sana,1.0926635381367077e-06
23,14,0.27643171319725934,-0.33915443885195073,Sana,1.0926635381367077e-06
23,15,0.35283405753119157,-0.5445279245403921,Sana,1.0926635381367077e-06
23,16,0.4381209776333481,-0.745849349451804,Sana,1.0926635381367077e-06
23,17,0.53036489392372,-0.942165796068634,Sana,1.0926635381367077e-06
23,18,0.627357009450492,-1.1335637205265336,Sana,1.0926635381367077e-06
23,19,0.7273744696092671,-1.3208259552564703,Sana,1.0926635381367077e-06
23,20,0.8293288952079289,-1.5048615583635256,Sana,1.0926635381367077e-06
23,21,0.9325732209819377,-1.686438379383122,Sana,1.0926635381367077e-06
23,22,1.0367157228478063,-1.86614099544562,Sana,1.0926635381367077e-06
23,23,1.1415083521821154,-2.044400787627482,Sana,1.0926635381367077e-06
23,24,1.2467864217554068,-2.2215349600275425,Sana,1.0926635381367077e-06
23,25,1.3524359985655896,-2.3977784940410354,Sana,1.0926635381367077e-06
23,26,1.4583755849785633,-2.5733075188594055,Sana,1.0926635381367077e-06
24,0,-0.07560707131373512,2.5,Sana,1.0437577467182593e-06
24,1,-0.07451117238762335,2.3003224378123326,Sana,1.0437577467182593e-06
24,2,-0.07199097564951867,2.1009628249773957,Sana,1.0437577467182593e-06
24,3,-0.06764843847843474,1.9018509217768222,Sana,1.0437577467182593e-06
24,4,-0.06104228514972514,1.7028273783564651,Sana,1.0437577467182593e-06
24,5,-0.05171966014153919,1.5036448529324058,Sana,1.0437577467182593e-06
24,6,-0.03922647765988489,1.3039917140780626,Sana,1.0437577467182593e-06
24,7,-0.02308614063529004,1.1035229974532599,Sana,1.0437577467182593e-06
24,8,-0.0027548963551345014,0.9018931174452394,Sana,1.0437577467182593e-06
24,9,0.022431783287998202,0.6988008084230547,Sana,1.0437577467182593e-06
24,10,0.053300730126472545,0.4940633249831189,Sana,1.0437577467182593e-06
24,11,0.09083439753860417,0.28772592768568794,Sana,1.0437577467182593e-06
24,12,0.13607552701921988,0.0801782722846533,Sana,1.0437577467182593e-06
24,13,0.18993986125107398,-0.12778236948639574,Sana,1.0437577467182593e-06
24,14,0.25298211340748034,-0.33498106272734046,Sana,1.0437577467182593e-06
24,15,0.3251486551538938,-0.5399968575759441,Sana,1.0437577467182593e-06
24,16,0.40555433488700715,-0.7414540781191705,Sana,1.0437577467182593e-06
24,17,0.49251228810733155,-0.9385125586820628,Sana,1.0437577467182593e-06
24,18,0.5840803697025978,-1.13119667683565,Sana,1.0437577467182593e-06
24,19,0.6786908123980262,-1.3201405668722601,Sana,1.0437577467182593e-06
24,20,0.7753093958525445,-1.5061250999741038,Sana,1.0437577467182593e-06
24,21,0.8732971201218607,-1.6898333882459848,Sana,1.0437577467182593e-06
24,22,0.9722550210327443,-1.871797131753643,Sana,1.0437577467182593e-06
24,23,1.0719242688279353,-2.0524140859266478,Sana,1.0437577467182593e-06
24,24,1.1721297395553105,-2.2319791222234326,Sana,1.0437577467182593e-06
24,25,1.2727484993655194,-2.410711683541648,Sana,1.0437577467182593e-06
24,26,1.3736916272017916,-2.5887766340359915,Sana,1.0437577467182593e-06
25,0,0.1548850970305306,2.5,Sana,1.2068720085712468e-06
25,1,0.15601810583067702,2.3000331271650953,Sana,1.2068720085712468e-06
25,2,0.15856866010606802,2.1000126763349853,Sana,1.2068720085712468e-06
25,3,0.1628741115408714,1.899785797599905,Sana,1.2068720085712468e-06
25,4,0.16931910947030474,1.6991154125612344,Sana,1.2068720085712468e-06
25,5,0.17833498085393054,1.4976697861376642,Sana,1.2068720085712468e-06
25,6,0.1904185392452511,1.295019305964646,Sana,1.2068720085712468e-06
25,7,0.206184723017345,1.0906378414030926,Sana,1.2068720085712468e-06
25,8,0.2264665729073445,0.8839154909350804,Sana,1.2068720085712468e-06
25,9,0.25247254950345854,0.67421572584528,Sana,1.2068720085712468e-06
25,10,0.28597523004195874,0.46105164966125756,Sana,1.2068720085712468e-06
25,11,0.3293867076583797,0.24445434650764947,Sana,1.2068720085712468e-06
25,12,0.38548409626621527,0.02541011265700871,Sana,1.2068720085712468e-06
25,13,0.4568446363555289,-0.1939529985789064,Sana,1.2068720085712468e-06
25,14,0.5453016748384076,-0.4103663474123287,Sana,1.2068720085712468e-06
25,15,0.6509947637943101,-0.619337788229148,Sana,1.2068720085712468e-06
25,16,0.7700136843053398,-0.8164411348357654,Sana,1.2068720085712468e-06
25,17,0.8953646625441054,-1.0019853338587104,Sana,1.2068720085712468e-06
25,18,1.0230104119517245,-1.179412575068924,Sana,1.2068720085712468e-06
25,19,1.151500342196924,-1.351427928893322,Sana,1.2068720085712468e-06
25,20,1.2803211677561104,-1.5197213017534779,Sana,1.2068720085712468e-06
25,21,1.4092758203183113,-1.6853529498912956,Sana,1.2068720085712468e-06
25,22,1.5382828195402098,-1.8490155240197579,Sana,1.2068720085712468e-06
25,23,1.6673066588260006,-2.011180176388815,Sana,1.2068720085712468e-06
25,24,1.796331397278788,-2.172178683956825,Sana,1.2068720085712468e-06
25,25,1.9253498627406214,-2.332251546920408,Sana,1.2068720085712468e-06
25,26,2.0543589668527296,-2.4915774038178453,Sana,1.2068720085712468e-06
25,27,2.1833575736053263,-2.6502917308469356,Sana,1.2068720085712468e-06
26,0,-0.15216230162467934,2.5,Infectada,1.508418681652524e-06
26,1,-0.15053099210777618,2.3006341976917155,Infectada,1.508418681652524e-06
26,2,-0.14674283931095145,2.1019422380532453,Infectada,1.508418681652524e-06
26,3,-0.1401533697427746,1.903856886891171,Infectada,1.508418681652524e-06
26,4,-0.13005858768325285,1.7061582495440204,Infectada,1.508418681652524e-06
26,5,-0.11576884786803915,1.5084802956902628,Infectada,1.508418681652524e-06
26,6,-0.09663779613367816,1.310361063366438,Infectada,1.508418681652524e-06
26,7,-0.07202991373902458,1.1112966314855046,Infectada,1.508418681652524e-06
26,8,-0.04124828397744779,0.910784006088199,Infectada,1.508418681652524e-06
26,9,-0.0034438321117264553,0.7083694102053222,Infectada,1.508418681652524e-06
26,10,0.042476194897672216,0.5037314984868413,Infectada,1.508418681652524e-06
26,11,0.09790623462462053,0.2968260977487751,Infectada,1.508418681652524e-06
26,12,0.1645060573886437,0.08808940506828236,Infectada,1.508418681652524e-06
26,13,0.24401734131855135,-0.1213581712806569,Infectada,1.508418681652524e-06
26,14,0.3379369078431357,-0.3295781567876098,Infectada,1.508418681652524e-06
26,15,0.44702287727984097,-0.5337726411426676,Infectada,1.508418681652524e-06
26,16,0.5704315089566248,-0.7305281253199476,Infectada,1.508418681652524e-06
26,17,0.7047556748853401,-0.9171835916843158,Infectada,1.508418681652524e-06
26,18,0.8452694964112974,-1.0939008014070326,Infectada,1.508418681652524e-06
26,19,0.9886785914643704,-1.2628278219040452,Infectada,1.508418681652524e-06
26,20,1.1333810849264023,-1.4261073319924726,Infectada,1.508418681652524e-06
26,21,1.278661465823468,-1.5853064354058504,Infectada,1.508418681652524e-06
26,22,1.4241931671688286,-1.7415009717490078,Infectada,1.508418681652524e-06
26,23,1.5698209524240416,-1.8954316492755015,Infectada,1.508418681652524e-06
26,24,1.715468692068788,-2.047618831972975,Infectada,1.508418681652524e-06
26,25,1.8610986568495058,-2.1984367221717767,Infectada,1.508418681652524e-06
26,26,2.0066925595707525,-2.3481605129014387,Infectada,1.508418681652524e-06
26,27,2.1522422667076717,-2.496996754929774,Infectada,1.508418681652524e-06
26,28,2.2977450448575736,-2.6451033361370593,Infectada,1.508418681652524e-06
27,0,0.1083868719818244,2.5,Sana,1.2614109699397907e-06
27,1,0.10960117149495711,2.3000988976580556,Sana,1.2614109699397907e-06
27,2,0.11234420243580286,2.1002201148598627,Sana,1.2614109699397907e-06
27,3,0.11698926215956276,1.9002168405328566,Sana,1.2614109699397907e-06
27,4,0.12395885296605744,1.6998526405360814,Sana,1.2614109699397907e-06
27,5,0.13371860697176302,1.4987930933890332,Sana,1.2614109699397907e-06
27,6,0.14679146701373186,1.29660796773423,Sana,1.2614109699397907e-06
27,7,0.1638061267596704,1.092779620063021,Sana,1.2614109699397907e-06
27,8,0.1855892986314596,0.886722529410968,Sana,1.2614109699397907e-06
27,9,0.2133059922127533,0.6778426365254162,Sana,1.2614109699397907e-06
27,10,0.2486216833878297,0.46569805404737674,Sana,1.2614109699397907e-06
27,11,0.2937689326614798,0.25031880071888424,Sana,1.2614109699397907e-06
27,12,0.35132809975309787,0.032595962157295405,Sana,1.2614109699397907e-06
27,13,0.4237364325699447,-0.1855120843720293,Sana,1.2614109699397907e-06
27,14,0.5127561423498466,-0.4009568765384188,Sana,1.2614109699397907e-06
27,15,0.6186201283051895,-0.6095699854497632,Sana,1.2614109699397907e-06
27,16,0.7380815238612402,-0.8070839742017442,Sana,1.2614109699397907e-06
27,17,0.8646946319402151,-0.993079560278925,Sana,1.2614109699397907e-06
27,18,0.9941167676630226,-1.1705787353457149,Sana,1.2614109699397907e-06
27,19,1.1246256739868246,-1.3423107072055511,Sana,1.2614109699397907e-06
27,20,1.255581135918387,-1.5100561805055168,Sana,1.2614109699397907e-06
27,21,1.3867282715200817,-1.6749485936711077,Sana,1.2614109699397907e-06
27,22,1.5179575959896965,-1.8377318805708163,Sana,1.2614109699397907e-06
27,23,1.649219147758519,-1.9989126072281982,Sana,1.2614109699397907e-06
27,24,1.7804891399484326,-2.1588473406951674,Sana,1.2614109699397907e-06
27,25,1.9117559892689286,-2.3177942916395953,Sana,1.2614109699397907e-06
27,26,2.043014076801885,-2.4759450206325,Sana,1.2614109699397907e-06
27,27,2.1742608086210433,-2.633444621855624,Sana,1.2614109699397907e-06
28,0,0.009093131752797634,2.5,Sana,8.261141204714513e-07
28,1,0.009928668724373242,2.3001625001474997,Sana,8.261141204714513e-07
28,2,0.011832896158382322,2.100460598441555,Sana,8.261141204714513e-07
28,3,0.01508560134874326,1.9008197213546665,Sana,8.261141204714513e-07
28,4,0.02000082461010771,1.701103308269489,Sana,8.261141204714513e-07
28,5,0.026913629638658464,1.5011112826242154,Sana,8.261141204714513e-07
28,6,0.03618005660157883,1.3005912815713336,Sana,8.261141204714513e-07
28,7,0.048197604751460454,1.0992569324377413,Sana,8.261141204714513e-07
28,8,0.06344381330030356,0.8968130740382672,Sana,8.261141204714513e-07
28,9,0.08252302103916606,0.6929985400677565,Sana,8.261141204714513e-07
28,10,0.10619873326193058,0.4876620694459942,Sana,8.261141204714513e-07
28,11,0.13536977893462987,0.28087176392202323,Sana,8.261141204714513e-07
28,12,0.17095178308716652,0.0730162834362092,Sana,8.261141204714513e-07
28,13,0.21368243830797884,-0.13516875567273495,Sana,8.261141204714513e-07
28,14,0.2639167715639738,-0.3426713050604113,Sana,8.261141204714513e-07
28,15,0.32144814795153653,-0.5483582158737746,Sana,8.261141204714513e-07
28,16,0.38540243056811135,-0.7512465461392326,Sana,8.261141204714513e-07
28,17,0.4543880196987659,-0.9508529584792764,Sana,8.261141204714513e-07
28,18,0.5269603945205491,-1.1473122304985282,Sana,8.261141204714513e-07
28,19,0.6019995227997887,-1.3411218083429608,Sana,8.261141204714513e-07
28,20,0.6787569546622558,-1.532841796182573,Sana,8.261141204714513e-07
28,21,0.756750117812483,-1.7229545722773782,Sana,8.261141204714513e-07
28,22,0.8356609315323199,-1.9118366346816547,Sana,8.261141204714513e-07
28,23,0.915271250084238,-2.099771209360629,Sana,8.261141204714513e-07
28,24,0.9954256959195042,-2.2869689819291574,Sana,8.261141204714513e-07
28,25,1.076010227705909,-2.473586772357462,Sana,8.261141204714513e-07
28,26,1.1569392397095457,-2.659742082431696,Sana,8.261141204714513e-07
29,0,-0.07425760756946934,2.5,Infectada,1.3102977948602397e-06
29,1,-0.07288262263542328,2.3004023187114724,Infectada,1.3102977948602397e-06
29,2,-0.06972163182329766,2.101200033233488,Infectada,1.3102977948602397e-06
29,3,-0.0642778503692719,1.9023027273030124,Infectada,1.3102977948602397e-06
29,4,-0.056002758595308205,1.7035070776776375,Infectada,1.3102977948602397e-06
29,5,-0.044335987854676594,1.5044979802677338,Infectada,1.3102977948602397e-06
29,6,-0.028717246855180296,1.3048769928185386,Infectada,1.3102977948602397e-06
29,7,-0.008556795517976164,1.1041982959761476,Infectada,1.3102977948602397e-06
29,8,0.016826991600125272,0.9020053359233992,Infectada,1.3102977948602397e-06
29,9,0.048288793617645084,0.6978827813459051,Infectada,1.3102977948602397e-06
29,10,0.0869344735166179,0.4915509508731517,Infectada,1.3102977948602397e-06
29,11,0.13414948404890267,0.28302295996331256,Infectada,1.3102977948602397e-06
29,12,0.19150868047102498,0.07280050487087697,Infectada,1.3102977948602397e-06
29,13,0.2605365307892322,-0.13797523194573694,Infectada,1.3102977948602397e-06
29,14,0.3423620850696716,-0.3474829973996497,Infectada,1.3102977948602397e-06
29,15,0.4372656288815201,-0.5533015859763273,Infectada,1.3102977948602397e-06
29,16,0.544026860394042,-0.7528104369776067,Infectada,1.3102977948602397e-06
29,17,0.6595924663006776,-0.9443827497443111,Infectada,1.3102977948602397e-06
29,18,0.7804089898140546,-1.1284373406629453,Infectada,1.3102977948602397e-06
29,19,0.9040466512506288,-1.3065494388324672,Infectada,1.3102977948602397e-06
29,20,1.0292204549765736,-1.4802566546539564,Infectada,1.3102977948602397e-06
29,21,1.155281637899554,-1.6507179341157863,Infectada,1.3102977948602397e-06
29,22,1.2818890638081235,-1.8187538670363967,Infectada,1.3102977948602397e-06
29,23,1.4088517402944511,-1.984943197258786,Infectada,1.3102977948602397e-06
29,24,1.5360559250662313,-2.149699791036953,Infectada,1.3102977948602397e-06
29,25,1.6634301273318524,-2.3133251483694295,Infectada,1.3102977948602397e-06
29,26,1.790927346959514,-2.476043107116638,Infectada,1.3102977948602397e-06
29,27,1.9185155276590364,-2.6380228486578816,Infectada,1.3102977948602397e-06
